{
	"1": 0.094,
	"1.5": 0.13513743,
	"2": 0.16639787,
	"2.5": 0.19265091,
	"3": 0.21573247,
	"3.5": 0.23657266,
	"4": 0.25572005,
	"4.5": 0.27353038,
	"5": 0.29024988,
	"5.5": 0.30605738,
	"6": 0.3210876,
	"6.5": 0.33544503,
	"7": 0.34921268,
	"7.5": 0.36245776,
	"8": 0.3752356,
	"8.5": 0.38759242,
	"9": 0.39956728,
	"9.5": 0.41119354,
	"10": 0.4225,
	"10.5": 0.43292641,
	"11": 0.44310755,
	"11.5": 0.45305996,
	"12": 0.4627984,
	"12.5": 0.47233608,
	"13": 0.48168495,
	"13.5": 0.49085581,
	"14": 0.49985844,
	"14.5": 0.50870176,
	"15": 0.51739395,
	"15.5": 0.5259425,
	"16": 0.5343543,
	"16.5": 0.54263575,
	"17": 0.5507927,
	"17.5": 0.55883059,
	"18": 0.5667545,
	"18.5": 0.57456913,
	"19": 0.5822789,
	"19.5": 0.5898879,
	"20": 0.5974,
	"20.5": 0.60482366,
	"21": 0.6121573,
	"21.5": 0.61940411,
	"22": 0.6265671,
	"22.5": 0.63364917,
	"23": 0.64065295,
	"23.5": 0.64758096,
	"24": 0.65443563,
	"24.5": 0.66121926,
	"25": 0.667934,
	"25.5": 0.67458189,
	"26": 0.6811649,
	"26.5": 0.68768489,
	"27": 0.69414365,
	"27.5": 0.70054289,
	"28": 0.7068842,
	"28.5": 0.7131691,
	"29": 0.7193991,
	"29.5": 0.72557562,
	"30": 0.7317,
	"30.5": 0.73474102,
	"31": 0.7377695,
	"31.5": 0.74078558,
	"32": 0.74378943,
	"32.5": 0.7467812,
	"33": 0.74976104,
	"33.5": 0.7527291,
	"34": 0.7556855,
	"34.5": 0.75863036,
	"35": 0.76156384,
	"35.5": 0.76448607,
	"36": 0.76739717,
	"36.5": 0.77029727,
	"37": 0.7731865,
	"37.5": 0.77606494,
	"38": 0.77893275,
	"38.5": 0.78179008,
	"39": 0.784637,
	"39.5": 0.78747359,
	"40": 0.7903,
	"40.5": 0.79280394,
	"41": 0.7953,
	"41.5": 0.79780392,
	"42": 0.8003,
	"42.5": 0.80280389,
	"43": 0.8053,
	"43.5": 0.80780387,
	"44": 0.8103,
	"44.5": 0.81280384,
	"45": 0.8153,
	"45.5": 0.81780382,
	"46": 0.8203,
	"46.5": 0.8228038,
	"47": 0.8253,
	"47.5": 0.82780378,
	"48": 0.8303,
	"48.5": 0.83280375,
	"49": 0.8353,
	"49.5": 0.83780373,
	"50": 0.8403,
	"50.5": 0.84280371,
	"51": 0.8453,
	"51.5": 0.84780369,
	"52": 0.8503,
	"52.5": 0.85280366,
	"53": 0.8553,
	"53.5": 0.85780364,
	"54": 0.8603,
	"54.5": 0.86280362,
	"55": 0.8653
}
